rank,peak,direction,gradient,drop,horizontal_dist,start_offset_m,end_offset_m,summit_elev,start_elev,end_elev,total_face_height,latitude,longitude
1,Masherbrum,NE,2.277,2003.5,880.0,400.0,1280.0,7694.9,7700.0,5696.5,3156.2,35.646845,76.312196
2,Latok I,N,2.135,2006.8,940.0,40.0,980.0,6988.3,7007.7,5000.9,2378.9,35.931301,75.824804
3,K6 Peak,N,1.74,2000.6,1150.0,70.0,1220.0,7111.6,7038.6,5038.0,2532.5,35.423916,76.55182
4,Nanga Parbat,SE,1.695,2000.0,1180.0,260.0,1440.0,8096.3,7935.7,5935.7,4626.9,35.233054,74.596155
5,Rakhiot Peak,S,1.534,2009.4,1310.0,140.0,1450.0,7003.3,6930.8,4921.3,3520.5,35.252266,74.63811
6,K2,N,1.488,2009.5,1350.0,1000.0,2350.0,8565.6,7774.2,5764.7,3191.2,35.895982,76.51334
7,Kunyang Chhish,NW,1.463,2004.1,1370.0,290.0,1660.0,7697.1,7696.0,5691.9,3324.4,36.210564,75.199535
8,Gasherbrum IV,W,1.456,2008.7,1380.0,90.0,1470.0,7888.6,7853.9,5845.3,2358.7,35.761682,76.60772
9,Yukshin Gardan Sar,NE,1.446,2010.1,1390.0,100.0,1490.0,6809.5,6694.9,4684.8,2286.5,36.264271,75.382143
10,Saltoro Kangri I,W,1.412,2004.8,1420.0,360.0,1780.0,7668.9,7511.1,5506.3,2325.9,35.39923,76.837188
11,K7,NE,1.367,2009.6,1470.0,1130.0,2600.0,6594.7,6521.0,4511.4,2296.5,35.477845,76.589349
12,Passu Sar,NE,1.349,2010.2,1490.0,430.0,1920.0,7575.1,7318.9,5308.7,3542.0,36.494372,74.602478
13,Baintha Brakk,E,1.346,2006.3,1490.0,570.0,2060.0,7232.0,6986.8,4980.5,2329.3,35.947533,75.76656
14,Shispare,SW,1.345,2003.9,1490.0,460.0,1950.0,7589.2,7073.8,5070.0,5067.9,36.433123,74.671425
15,Pumarikish,SW,1.299,2000.6,1540.0,2680.0,4220.0,7414.3,6895.5,4895.0,2695.6,36.189108,75.225389
16,Gasherbrum I,NE,1.291,2001.4,1550.0,1080.0,2630.0,7958.4,7233.3,5231.9,3001.1,35.736233,76.710924
17,Makrong Chhish,NW,1.284,2003.0,1560.0,200.0,1760.0,6515.8,6348.5,4345.5,2233.7,36.094536,75.113457
18,Link Sar,NE,1.271,2008.9,1580.0,1230.0,2810.0,6443.5,6571.8,4562.9,2423.5,35.45423,76.61002
19,Hachindar Chhish,NW,1.262,2006.4,1590.0,720.0,2310.0,6459.9,6674.8,4668.4,2473.4,36.461337,74.458861
20,Ganalo Peak,S,1.228,2002.4,1630.0,6820.0,8450.0,6553.0,7069.6,5067.1,2782.4,35.219749,74.554072
21,Shispare,S,1.213,2002.1,1650.0,5560.0,7210.0,7589.2,6430.7,4428.6,4583.4,36.383336,74.68094
22,Broad Peak,S,1.2,2004.1,1670.0,390.0,2060.0,7909.9,7716.4,5712.3,2255.5,35.799547,76.56853
23,Lupghar Sar,SE,1.186,2003.7,1690.0,8830.0,10520.0,7144.1,7074.5,5070.8,2574.6,36.28911,75.113095
24,Paiju Peak,SE,1.185,2003.1,1690.0,30.0,1720.0,6606.8,6588.4,4585.3,3226.8,35.709575,76.123721
25,Drifika Peak,SW,1.175,2020.7,1720.0,5010.0,6730.0,6367.8,5555.5,3534.8,3005.1,35.38841,76.412068
26,Spantik,E,1.171,2001.9,1710.0,0.0,1710.0,7013.5,6984.2,4982.3,2515.5,36.05711,74.975651
27,Great Trango Tower,SW,1.165,2003.8,1720.0,130.0,1850.0,6061.3,6009.9,4006.1,2104.6,35.751174,76.19373
28,Passu Sar,SE,1.161,2007.8,1730.0,15570.0,17300.0,7575.1,6958.1,4950.3,3362.8,36.382324,74.723042
29,Broad Peak North,NW,1.156,2010.7,1740.0,330.0,2070.0,7371.0,7213.5,5202.9,2279.7,35.839724,76.546945
30,Dansam,SE,1.152,2004.3,1740.0,3560.0,5300.0,6473.6,5452.3,3448.0,3135.7,35.175923,76.796668
31,Sangemarmur,E,1.14,2007.0,1760.0,270.0,2030.0,6943.4,6782.5,4775.5,3238.3,36.425821,74.573042
32,Sia Kangri,NE,1.13,2000.4,1770.0,0.0,1770.0,7376.1,7368.7,5368.3,2411.1,35.668586,76.768126
33,Laila Peak West,W,1.107,2004.4,1810.0,100.0,1910.0,6513.0,6600.4,4596.0,2841.4,35.955246,74.925123
34,Passu Sar,NE,1.09,2005.3,1840.0,1110.0,2950.0,6743.4,6398.3,4393.0,3527.5,36.504441,74.661058
35,Malunguttil Sar,NE,1.088,2002.0,1840.0,1090.0,2930.0,7035.2,6494.9,4492.9,2837.7,36.377944,75.163287
36,Haramosh,N,1.088,2012.6,1850.0,130.0,1980.0,7306.7,7322.9,5310.2,3967.6,35.849503,74.89749
37,Gasherbrum II,NE,1.081,2000.0,1850.0,130.0,1980.0,7952.0,7881.6,5881.5,3155.1,35.764513,76.661238
38,Trivor,N,1.054,2002.6,1900.0,60.0,1960.0,7584.0,7568.3,5565.6,2289.9,36.297338,75.08357
39,Bullah,W,1.05,2004.6,1910.0,30.0,1940.0,6225.6,6234.3,4229.7,2778.4,35.74412,75.915418
40,Khani Basa Sar,NE,1.045,2006.8,1920.0,5970.0,7890.0,6413.9,7460.4,5453.5,1170.4,36.209818,75.431695
41,Miar Peak,S,1.042,2000.7,1920.0,380.0,2300.0,6443.5,6331.8,4331.1,2933.5,36.03539,74.826252
42,Laila Peak,S,1.037,2000.5,1930.0,100.0,2030.0,6810.5,6937.2,4936.7,1902.7,35.946943,74.961575
43,Unnamed Peak,NE,1.016,2001.0,1970.0,8160.0,10130.0,6860.5,6993.1,4992.2,2472.7,35.27858,74.591921
44,Chongra,NW,1.005,2000.9,1990.0,270.0,2260.0,6762.4,6797.2,4796.4,2211.1,35.330743,74.665353
45,Juto Sar,SW,1.005,2000.4,1990.0,0.0,1990.0,6736.1,6720.7,4720.2,3194.2,36.023595,74.857359
46,Rakaposhi,S,1.004,2007.3,2000.0,800.0,2800.0,7582.9,7122.9,5115.6,3805.1,36.126323,74.48992
47,Rakaposhi,NE,1.003,2005.0,2000.0,760.0,2760.0,7582.9,7387.0,5382.0,2597.5,36.153718,74.503764
48,K12,SE,1.002,2004.8,2000.0,30.0,2030.0,7398.9,7384.5,5379.7,2471.8,35.288898,77.029884
49,Latok II,SW,0.995,2000.2,2010.0,120.0,2130.0,6944.1,7033.4,5033.2,1991.9,35.915158,75.795359
50,Namika,N,0.991,2002.6,2020.0,130.0,2150.0,6251.4,6278.2,4275.5,2520.2,35.475612,76.458222
51,Diran Peak,SW,0.99,2000.2,2020.0,220.0,2240.0,7112.0,7118.2,5118.0,2164.6,36.112434,74.651908
52,Nanga Parbat North Peak II,W,0.988,2006.4,2030.0,1560.0,3590.0,7744.7,7103.7,5097.3,3765.5,35.258814,74.562133
53,Disteghil Sar,S,0.988,2006.0,2030.0,400.0,2430.0,7825.1,7583.6,5577.7,3067.4,36.313147,75.18807
54,Laila Peak,SW,0.987,2004.5,2030.0,40.0,2070.0,6094.8,6081.0,4076.5,2194.7,35.099553,74.455267
55,Unnamed Peak,N,0.977,2002.5,2050.0,40.0,2090.0,6860.5,6852.1,4849.6,2626.0,35.229976,74.520815
56,Mazeno,N,0.959,2005.0,2090.0,6850.0,8940.0,7080.2,6562.5,4557.5,2866.3,35.298199,74.554629
57,Lupghar Sar,NE,0.957,2010.0,2100.0,5070.0,7170.0,7144.3,6777.0,4767.0,3171.0,36.385769,75.058751
58,Dubbani,S,0.937,2005.4,2140.0,11890.0,14030.0,5776.4,3775.3,1769.9,4464.6,35.847957,74.651256
59,Juto Sar,S,0.927,2001.3,2160.0,5290.0,7450.0,6736.1,6658.7,4657.4,3524.3,35.972607,74.865174
60,Pumarikish,SE,0.924,2005.0,2170.0,1060.0,3230.0,7414.3,7123.7,5118.7,1973.4,36.197412,75.269437
61,Ilford Peak,SE,0.922,2000.8,2170.0,14310.0,16480.0,6021.3,4782.8,2782.0,3258.1,35.246872,76.610254
62,Hachindar Chhish,SE,0.921,2027.0,2200.0,1090.0,3290.0,6459.9,5798.4,3771.4,2752.1,36.437763,74.488119
63,Emerald Peak,W,0.913,2000.0,2190.0,140.0,2330.0,6563.6,6522.9,4522.8,2832.1,36.058169,74.72745
64,Baltoro Kangri III,E,0.905,2000.9,2210.0,1290.0,3500.0,7243.6,7154.2,5153.2,2138.9,35.632378,76.707012
65,Hispar Sar,NE,0.887,2004.3,2260.0,11140.0,13400.0,6154.8,6447.2,4442.9,2174.6,36.197633,75.461809
66,Diran Peak,NE,0.886,2003.0,2260.0,790.0,3050.0,7112.0,6609.9,4606.9,2704.8,36.132477,74.676678
67,Bularung Sar,SE,0.874,2001.5,2290.0,0.0,2290.0,6933.1,6935.6,4934.2,2358.2,36.294826,75.143893
68,Lupghar Sar,N,0.871,2012.6,2310.0,40.0,2350.0,7144.3,7129.3,5116.8,2772.2,36.357582,75.010486
69,Bularung Sar,W,0.859,2009.9,2340.0,15800.0,18140.0,6933.1,6034.4,4024.5,1876.8,36.302111,74.945709
70,Passu Sar,S,0.856,2002.4,2340.0,3580.0,5920.0,6743.4,6406.2,4403.8,2370.3,36.448783,74.645019
71,Rakaposhi,SE,0.852,2002.4,2350.0,5300.0,7650.0,7582.9,6241.1,4238.8,4588.7,36.101321,74.540851
72,Ultar Peak,W,0.837,2000.8,2390.0,4980.0,7370.0,7272.1,6119.5,4118.8,3984.7,36.39068,74.647911
73,West Chongra,SE,0.837,2000.2,2390.0,0.0,2390.0,6445.5,6435.1,4434.9,3745.6,35.291554,74.675668
74,Kaimuk Kangri,SW,0.835,2004.8,2400.0,290.0,2690.0,6785.9,6734.2,4729.4,2279.3,35.905291,76.877171
75,Urdok Kangri I,NE,0.833,2000.3,2400.0,0.0,2400.0,7153.4,7132.8,5132.5,2021.2,35.712358,76.738554
76,Kaimuk Kangri,NW,0.831,2003.1,2410.0,2670.0,5080.0,6785.9,6454.5,4451.4,2341.1,35.939427,76.858466
77,Summa Ri I,SW,0.827,2000.8,2420.0,2310.0,4730.0,7141.2,7347.9,5347.1,2151.7,35.843967,76.417894
78,K7,SW,0.817,2011.0,2460.0,90.0,2550.0,6594.7,6678.9,4667.9,2000.7,35.45758,76.564509
79,Rakaposhi,NW,0.816,2008.2,2460.0,1820.0,4280.0,7582.9,6632.1,4623.9,4662.7,36.161926,74.465929
80,Lupghar Sar,NW,0.795,2004.0,2520.0,10960.0,13480.0,7144.1,4998.6,2994.6,4705.5,36.428423,74.940413
81,Yutmaru Sar,S,0.788,2002.3,2540.0,100.0,2640.0,7253.2,7156.9,5154.6,2489.7,36.214122,75.36724
82,Gondogoro Ri,N,0.785,2001.3,2550.0,3130.0,5680.0,6579.9,6242.9,4241.6,2373.6,35.713251,76.406307
83,Gasherbrum I,SW,0.782,2001.3,2560.0,230.0,2790.0,7958.4,7922.8,5921.4,3075.8,35.714822,76.684595
84,Chogolisa I,S,0.782,2001.1,2560.0,20.0,2580.0,7556.5,7547.7,5546.6,2767.4,35.602032,76.57608
85,Dansam,S,0.77,2000.8,2600.0,3710.0,6310.0,6473.6,5254.9,3254.1,3224.8,35.159028,76.76223
86,Gama Sokha Lambi,SW,0.763,2000.2,2620.0,2870.0,5490.0,6229.0,5097.9,3097.7,3466.3,35.725094,75.720303
87,Sangemarmur,W,0.762,2004.2,2630.0,550.0,3180.0,6943.4,6678.6,4674.4,3259.1,36.425821,74.539381
88,Namika,SW,0.762,2003.5,2630.0,7970.0,10600.0,6251.4,5137.3,3133.8,2900.4,35.406276,76.385808
89,Ladyfinger Peak,S,0.761,2002.5,2630.0,140.0,2770.0,5251.3,5169.1,3166.5,3191.1,36.356907,74.65
90,Nanga Parbat North Peak II,E,0.759,2002.7,2640.0,6100.0,8740.0,7744.7,5781.5,3778.8,4492.9,35.258814,74.672091
91,Chhaltis Brok,NW,0.757,2012.3,2660.0,5400.0,8060.0,5930.1,5103.5,3091.1,3117.3,35.241901,76.646125
92,Bilchhar Dobani,N,0.753,2011.8,2670.0,70.0,2740.0,6108.8,6067.6,4055.8,2278.9,35.968411,74.633083
93,Ardver Sar,W,0.752,2000.4,2660.0,13140.0,15800.0,6557.2,6326.9,4326.5,2297.6,36.368648,75.113541
94,Kanjut Sar,W,0.737,2005.6,2720.0,170.0,2890.0,7725.2,7671.1,5665.4,2435.7,36.20557,75.399687
95,Haramosh,S,0.73,2001.0,2740.0,12390.0,15130.0,7306.7,4013.5,2012.5,5647.2,35.716193,74.89749
96,Crane,E,0.729,2004.8,2750.0,8880.0,11630.0,6311.4,5551.2,3546.4,2787.0,35.167832,77.199698
97,Gasherbrum II,SW,0.728,2002.1,2750.0,4650.0,7400.0,7952.0,6985.9,4983.8,3226.0,35.719464,76.605819
98,Burnag Kangri,W,0.725,2000.5,2760.0,2380.0,5140.0,6633.2,6293.0,4292.4,2372.5,35.859091,76.790885
99,Dansam,NW,0.723,2004.1,2770.0,100.0,2870.0,6473.6,6536.7,4532.6,1628.6,35.213559,76.750686
100,Skyang Kangri,E,0.721,2004.9,2780.0,0.0,2780.0,7444.2,7432.7,5427.8,2084.3,35.92631,76.58292
101,Dome of Dirran,S,0.713,2011.9,2820.0,460.0,3280.0,5904.6,5612.8,3601.0,2694.7,36.072825,74.634794
102,Laila Peak West,S,0.712,2001.7,2810.0,2480.0,5290.0,6513.0,5827.8,3826.1,2936.7,35.920288,74.936276
103,Mazeno,SE,0.707,2001.9,2830.0,2050.0,4880.0,7080.2,5951.2,3949.3,3531.0,35.205111,74.581574
104,Spantik,NE,0.7,2010.2,2870.0,9730.0,12600.0,7013.5,5720.1,3709.9,3555.9,36.12815,75.053877
105,Ghent Kangri,SW,0.699,2000.2,2860.0,30.0,2890.0,7342.9,7350.4,5350.2,2676.2,35.508538,76.788726
106,Kunyang Chhish,SW,0.697,2000.8,2870.0,1780.0,4650.0,7697.1,6939.1,4938.4,2992.4,36.183904,75.181901
107,Lupghar Sar,W,0.697,2000.4,2870.0,9570.0,12440.0,7144.3,4405.5,2405.2,4781.8,36.346829,74.887746
108,Bojohagur Duanasir,N,0.685,2001.3,2920.0,10830.0,13750.0,7182.4,5574.8,3573.5,3928.2,36.510739,74.69553
109,Kruksum South,SE,0.683,2007.9,2940.0,50.0,2990.0,6514.3,6481.5,4473.6,1056.5,35.802239,76.179148
110,Bojohagur Duanasir,NE,0.683,2007.3,2940.0,280.0,3220.0,7182.4,7151.0,5143.7,2769.9,36.411285,74.709341
111,Ladyfinger Peak,W,0.673,2012.4,2990.0,1610.0,4600.0,5251.3,5163.0,3150.6,1465.3,36.37,74.615359
112,Trivor,S,0.672,2008.3,2990.0,2140.0,5130.0,7584.0,6934.8,4926.4,1263.6,36.255541,75.08357
113,Unnamed Peak,SW,0.667,2001.4,3000.0,12680.0,15680.0,6011.4,5452.0,3450.6,2788.3,35.937278,75.336451
114,Gateway Peak (P6880),SE,0.667,2000.8,3000.0,0.0,3000.0,6787.2,6796.3,4795.4,2008.8,36.213406,75.311671
115,Dome of Dirran,W,0.659,2002.5,3040.0,2230.0,5270.0,5904.6,5109.3,3106.8,2820.2,36.089652,74.593107
116,Yazghil Dome S,SW,0.658,2005.6,3050.0,230.0,3280.0,7386.0,7327.8,5322.2,2984.3,36.296873,75.217876
117,Yazghil Group,W,0.654,2001.1,3060.0,9290.0,12350.0,6345.1,6165.9,4164.8,2292.9,36.19797,75.155093
118,Honboro Peak,W,0.651,2000.1,3070.0,30.0,3100.0,6466.3,6460.4,4460.3,2146.4,35.442887,76.194969
119,Kanjut Sar II,SW,0.645,2001.0,3100.0,120.0,3220.0,6758.3,6709.7,4708.7,2133.0,36.129744,75.426894
120,Hunza Peak,SW,0.643,2000.7,3110.0,9270.0,12380.0,6529.0,4263.8,2263.1,4274.2,36.326761,74.589957
121,Lupghar Sar,SW,0.636,2004.9,3150.0,16080.0,19230.0,7144.3,5060.5,3055.6,4562.7,36.234494,74.871251
122,Padmanabh,SW,0.634,2002.8,3160.0,60.0,3220.0,6972.4,6948.2,4945.4,2459.7,35.431347,77.168384
123,Yazghil Dome S,E,0.634,2002.0,3160.0,1150.0,4310.0,7386.0,7119.3,5117.4,1324.4,36.30804,75.262143
124,Hachindar Chhish,NE,0.629,2008.0,3190.0,14380.0,17570.0,6459.9,5699.0,3691.0,1472.4,36.553343,74.596981
125,Napo Peak,E,0.627,2001.4,3190.0,30.0,3220.0,6867.7,6870.3,4868.8,2112.6,35.805266,76.666718
126,Nanga Parbat Southeast Peak,NW,0.626,2003.4,3200.0,15360.0,18560.0,7500.1,4076.4,2073.0,5433.4,35.367103,74.48092
127,Baltoro Kangri,N,0.62,2002.3,3230.0,0.0,3230.0,7162.9,7177.9,5175.6,2043.0,35.661432,76.66436
128,Thanda Parbat,SW,0.615,2000.4,3250.0,4910.0,8160.0,6371.1,5783.2,3782.8,2628.9,35.383754,76.456895
129,Dome of Dirran,NW,0.612,2000.0,3270.0,30.0,3300.0,5904.6,5904.6,3904.5,2373.2,36.100246,74.621706
130,Uli Biaho Tower,W,0.611,2003.2,3280.0,12280.0,15560.0,5599.8,5221.9,3218.7,2387.4,35.740565,75.993873
131,Disteghil Sar,N,0.609,2002.3,3290.0,14640.0,17930.0,7825.1,4949.7,2947.4,4953.0,36.472417,75.18807
132,Trango Ri,SW,0.605,2001.8,3310.0,0.0,3310.0,6273.0,6276.2,4274.4,2015.3,35.773989,76.162904
133,Dubbani,E,0.604,2000.7,3310.0,0.0,3310.0,5776.4,5775.8,3775.1,2543.7,35.964575,74.669625
134,Chhaltis Brok,SW,0.604,2000.5,3310.0,1680.0,4990.0,5930.1,5030.9,3030.4,2902.6,35.17786,76.672516
135,Kupultung Kung,N,0.601,2002.4,3330.0,60.0,3390.0,6276.6,6279.3,4276.9,2088.9,35.881042,75.05639
136,Kaberi Kangri,S,0.601,2001.3,3330.0,30.0,3360.0,6804.1,6787.8,4786.5,1650.8,35.577087,76.605177
137,Yukshin Gardan Sar,W,0.599,2005.0,3350.0,14230.0,17580.0,6809.5,6671.5,4666.5,1388.6,36.259213,75.19869
138,Trango Ri,W,0.594,2002.1,3370.0,14170.0,17540.0,6273.0,5489.5,3487.4,2079.2,35.78452,76.00029
139,Gama Sokha Lambi,S,0.592,2002.2,3380.0,2550.0,5930.0,6229.0,5325.9,3323.8,3379.8,35.713537,75.75302
140,Bullah,SE,0.592,2001.3,3380.0,1630.0,5010.0,6225.6,5464.5,3463.2,3075.9,35.722996,75.952303
141,Choricho,SW,0.584,2004.7,3430.0,8010.0,11440.0,6546.3,5182.6,3177.8,3399.6,35.666797,76.012498
142,Momhil Sar,SW,0.581,2003.5,3450.0,13360.0,16810.0,7127.6,4695.2,2691.7,4497.9,36.223696,74.915263
143,Baltoro Kangri III,S,0.58,2000.7,3450.0,0.0,3450.0,7243.6,7247.5,5246.8,2513.0,35.616856,76.680542
144,Chumik,W,0.574,2008.7,3500.0,10280.0,13780.0,6578.2,5838.2,3829.4,1316.3,35.208558,76.856388
145,Khumil Gri,SW,0.572,2002.5,3500.0,15030.0,18530.0,6660.4,5532.7,3530.2,3319.8,35.535653,76.415732
146,Lupghar Sar,S,0.571,2002.6,3510.0,3640.0,7150.0,7144.1,7407.0,5404.4,1906.2,36.302124,75.03679
147,Dubbani,SW,0.57,2000.6,3510.0,12010.0,15520.0,5776.4,3493.9,1493.3,4454.0,35.876992,74.543227
148,Biale Kangri,SW,0.567,2000.1,3530.0,0.0,3530.0,6343.6,6311.2,4311.1,2035.7,35.790887,76.223912
149,Mazar,SE,0.566,2004.4,3540.0,5080.0,8620.0,6249.0,5805.8,3801.4,2529.3,36.43569,76.913949
150,Lupghar Sar,E,0.566,2008.2,3550.0,200.0,3750.0,7144.1,7140.4,5132.2,2729.1,36.35067,75.058818
151,Ilford Peak,SW,0.565,2001.5,3540.0,5970.0,9510.0,6021.3,5502.4,3500.9,3432.4,35.295579,76.430093
152,Laila Peak,NW,0.559,2000.2,3580.0,16340.0,19920.0,5607.6,5978.3,3978.2,699.6,35.709264,76.270976
153,Bojohagur Duanasir,E,0.557,2006.8,3600.0,3830.0,7430.0,7182.4,6092.1,4085.2,3298.3,36.40015,74.758365
154,Bilchhar Dobani,NW,0.557,2003.7,3600.0,6580.0,10180.0,6108.8,4452.3,2448.5,3785.5,36.009089,74.567323
155,Passu Sar,W,0.554,2005.4,3620.0,50.0,3670.0,7575.1,7565.4,5560.0,2066.3,36.486896,74.572413
156,Saltoro Kangri I,E,0.55,2002.3,3640.0,50.0,3690.0,7668.9,7631.9,5629.6,2111.9,35.39923,76.869588
157,Mandu Kangri,W,0.549,2003.1,3650.0,570.0,4220.0,6725.8,6741.5,4738.4,1146.4,35.648369,76.250785
158,Teram Kangri III/ Teram Kangri III,NE,0.549,2002.2,3650.0,20.0,3670.0,7253.2,7250.2,5248.0,2047.1,35.612028,77.065517
159,Purian Sar,E,0.547,2001.9,3660.0,9990.0,13650.0,6063.3,4905.5,2903.6,3186.6,36.466712,74.23355
160,Laila Peak,NE,0.542,2004.5,3700.0,670.0,4370.0,6810.5,6456.2,4451.7,1232.6,35.97256,74.98135
161,Ilford Peak,NW,0.539,2015.7,3740.0,60.0,3800.0,6021.3,6010.7,3995.0,1273.6,35.357107,76.475337
162,Mandu Kangri,NW,0.535,2000.1,3740.0,3400.0,7140.0,6725.8,6086.9,4086.8,2660.4,35.681901,76.236066
163,Praqpa Kangri,E,0.53,2009.3,3790.0,12210.0,16000.0,6941.9,7249.0,5239.7,1809.0,35.829923,76.590457
164,Hachindar Chhish,SW,0.528,2008.2,3800.0,16170.0,19970.0,6459.9,4918.5,2910.3,3565.3,36.336722,74.328125
165,Kupultung Kung,SE,0.526,2000.6,3800.0,10.0,3810.0,6276.6,6268.5,4267.9,1759.5,35.853367,75.071361
166,Bobisghir,SW,0.526,2000.0,3800.0,11240.0,15040.0,6128.4,6801.4,4801.4,1384.5,35.937623,75.729382
167,Unnamed Peak,NW,0.525,2001.0,3810.0,9490.0,13300.0,6157.9,4587.5,2586.5,3775.4,35.410929,74.612758
168,Unnamed Peak,NW,0.524,2003.5,3820.0,60.0,3880.0,6498.7,6487.2,4483.7,1766.5,35.239741,74.483776
169,Mahashrung,SW,0.519,2008.6,3870.0,450.0,4320.0,6923.9,6642.2,4633.6,1497.2,35.394326,77.199469
170,Miar Peak,NE,0.519,2001.6,3860.0,14660.0,18520.0,6443.5,6023.8,4022.3,3299.3,36.153006,74.956589
171,Koser Gunge,SW,0.518,2005.0,3870.0,1520.0,5390.0,5577.5,5103.5,3098.5,2506.0,35.618567,75.615725
172,Dubbani,N,0.517,2000.1,3870.0,1450.0,5320.0,5776.4,5568.6,3568.4,2461.3,35.995034,74.651256
173,Durbin Kangri I,W,0.516,2008.5,3890.0,320.0,4210.0,6717.6,6485.7,4477.2,1257.7,35.996109,76.741372
174,Kupultung Kung,E,0.516,2007.3,3890.0,7220.0,11110.0,6276.6,5630.0,3622.8,2700.7,35.86552,75.157984
175,Ilford Peak,W,0.514,2000.5,3890.0,6350.0,10240.0,6021.3,4815.1,2814.6,2173.1,35.344827,76.399014
176,Unnamed Peak,S,0.512,2002.7,3910.0,20.0,3930.0,6011.4,6024.4,4021.7,2338.1,36.009731,75.447826
177,Kaimuk Kangri,NE,0.512,2007.5,3920.0,100.0,4020.0,6785.9,6744.5,4737.0,1268.2,35.927879,76.905015
178,Yazghil Dome S,N,0.512,2000.7,3910.0,0.0,3910.0,7386.0,7393.6,5392.8,2255.9,36.325632,75.23171
179,Hispar Sar,SW,0.511,2001.7,3920.0,740.0,4660.0,6154.8,6255.9,4254.2,1162.7,36.102382,75.344092
180,Koser Gunge,NW,0.51,2000.2,3920.0,3040.0,6960.0,5577.5,4492.6,2492.5,3111.0,35.672364,75.603649
181,Disteghil Sar,E,0.508,2001.3,3940.0,8310.0,12250.0,7825.1,5998.4,3997.1,3909.1,36.32588,75.302693
182,Muztagh Tower,SE,0.508,2005.4,3950.0,70.0,4020.0,6973.5,6883.9,4878.4,2326.5,35.815188,76.378122
183,Malubiting,SE,0.508,2000.1,3940.0,20.0,3960.0,7271.4,7268.3,5268.2,1123.2,35.990738,74.893425
184,Haramosh,SE,0.505,2001.7,3960.0,13100.0,17060.0,7306.7,4784.7,2783.0,4719.6,35.74406,75.015653
185,Ganalo Peak,SW,0.502,2006.4,4000.0,350.0,4350.0,6553.0,6367.5,4361.1,2373.2,35.273498,74.535785
186,Drifika Peak,W,0.499,2002.8,4010.0,60.0,4070.0,6367.8,6408.4,4405.5,2646.8,35.425759,76.435061
187,Laila Peak West,SW,0.495,2003.2,4050.0,14590.0,18640.0,6513.0,5011.0,3007.8,3593.1,35.849529,74.805896
188,Dongbar,W,0.494,2002.7,4050.0,960.0,5010.0,5821.4,5870.9,3868.2,1830.3,35.8123,75.842094
189,Purian Sar,N,0.493,2000.5,4060.0,6060.0,10120.0,6063.3,5429.3,3428.7,2659.1,36.539508,74.101517
190,Chhaltis Brok,S,0.492,2003.3,4070.0,2010.0,6080.0,5930.1,5249.7,3246.4,1206.4,35.162682,76.69844
191,Ilford Peak,E,0.492,2007.4,4080.0,10650.0,14730.0,6021.3,5688.8,3681.4,2894.8,35.344827,76.630123
192,K7,S,0.489,2000.2,4090.0,14020.0,18110.0,6594.7,5498.5,3498.3,2565.9,35.321421,76.574804
193,Diran Peak,SE,0.488,2001.7,4100.0,12810.0,16910.0,7112.0,5586.3,3584.5,3829.8,36.025709,74.778433
194,The Crown,W,0.487,2007.9,4120.0,100.0,4220.0,6978.2,6972.8,4964.9,1668.1,36.109276,76.183677
195,Drifika Peak,NW,0.486,2001.4,4120.0,7650.0,11770.0,6367.8,5288.3,3286.9,1431.2,35.487541,76.382135
196,The Crown,N,0.485,2006.1,4140.0,15430.0,19570.0,6978.2,5904.5,3898.4,3230.0,36.266747,76.207695
197,Snow Dome,N,0.484,2000.4,4130.0,40.0,4170.0,6939.3,6945.2,4944.8,2143.4,35.63178,76.597968
198,Singhi Kangri,SW,0.483,2004.3,4150.0,120.0,4270.0,7074.9,7132.7,5128.3,1281.0,35.585082,76.966067
199,Mazar,S,0.482,2001.1,4150.0,3330.0,7480.0,6249.0,6064.2,4063.1,1115.8,36.430639,76.859835
200,La Yongma Ri,S,0.482,2005.4,4160.0,15160.0,19320.0,6571.0,5773.4,3768.0,3132.6,34.871508,77.148221
201,Teram Kangri Peak,S,0.482,2004.6,4160.0,100.0,4260.0,7321.1,7387.5,5382.9,725.6,35.560584,77.07971
202,Unnamed Peak,N,0.479,2000.8,4180.0,0.0,4180.0,6157.9,6156.9,4156.1,2188.8,35.357232,74.701489
203,Shaigiri,SE,0.474,2000.3,4220.0,10.0,4230.0,6186.5,6213.1,4212.8,2017.5,35.085053,74.563203
204,Koser Gunge,S,0.474,2003.7,4230.0,6990.0,11220.0,5577.5,4669.3,2665.7,3341.8,35.55862,75.64273
205,Unnamed Peak,E,0.472,2003.3,4240.0,30.0,4270.0,6157.9,6145.1,4141.9,2798.4,35.338425,74.725165
206,Unnamed Peak,S,0.472,2001.3,4240.0,80.0,4320.0,6157.9,6179.7,4178.4,950.9,35.318629,74.701489
207,Gama Sokha Lambi,NE,0.47,2003.9,4260.0,0.0,4260.0,6229.0,6226.9,4223.0,2155.2,35.765243,75.769692
208,Mt Hardinge,SW,0.468,2001.3,4280.0,40.0,4320.0,7024.1,7035.8,5034.5,1214.2,35.619091,76.77254
209,Mango Gusor,E,0.467,2001.8,4290.0,5040.0,9330.0,6044.0,5711.6,3709.8,2381.9,35.57724,75.997159
210,Unnamed Peak,SW,0.465,2003.2,4310.0,12370.0,16680.0,6498.7,6126.0,4122.7,1937.6,35.134787,74.386147
211,Yukshin Gardan Sar,N,0.46,2000.7,4350.0,7110.0,11460.0,6809.5,5701.2,3700.5,3307.0,36.342762,75.375881
212,Honboro Peak,NE,0.46,2009.7,4370.0,3020.0,7390.0,6466.3,5900.4,3890.6,1816.7,35.476005,76.252808
213,Koser Gunge,W,0.455,2002.3,4400.0,4030.0,8430.0,5577.5,5109.9,3107.7,3266.8,35.64055,75.573866
214,Unnamed Peak,W,0.453,2001.5,4420.0,14310.0,18730.0,6860.5,4556.0,2554.5,4306.0,35.220393,74.339158
215,Burnag Kangri,NE,0.453,2000.4,4420.0,40.0,4460.0,6633.2,6664.2,4663.8,1590.9,35.873408,76.850196
216,Malunguttil Sar,NW,0.452,2008.6,4440.0,3980.0,8420.0,7035.2,5989.5,3980.9,3352.7,36.404604,75.098524
217,Lupghar Sar,S,0.45,2006.6,4460.0,12840.0,17300.0,7144.3,5992.6,3986.0,2480.1,36.211224,75.010486
218,Teram Kangri Peak,W,0.449,2000.0,4450.0,160.0,4610.0,7321.1,7377.5,5377.5,1419.1,35.5802,77.053367
219,Choricho,S,0.448,2000.8,4470.0,50.0,4520.0,6546.3,6565.6,4564.8,3283.4,35.708114,76.088594
220,Gateway Peak (P6880),N,0.445,2004.2,4500.0,60.0,4560.0,6787.2,6793.0,4788.8,784.3,36.243736,75.29986
221,Emerald Peak,N,0.445,2000.7,4500.0,5500.0,10000.0,6563.6,5288.2,3287.5,3376.6,36.127906,74.741173
222,The Crown,S,0.445,2005.1,4510.0,480.0,4990.0,6978.2,6933.2,4928.1,1604.3,36.084666,76.207695
223,Ardver Sar,N,0.444,2005.7,4520.0,4000.0,8520.0,6557.2,5195.7,3189.9,3537.6,36.424977,75.274971
224,Honboro Peak,SE,0.443,2001.3,4520.0,0.0,4520.0,6466.3,6456.8,4455.5,2203.3,35.428507,76.229846
225,Zhukezhen Peak,W,0.442,2000.7,4530.0,1900.0,6430.0,7002.1,6818.8,4818.1,1192.1,35.92596,76.127971
226,Ultar Peak,E,0.441,2001.7,4540.0,7570.0,12110.0,7272.1,4754.5,2752.7,3549.2,36.39068,74.826628
227,Gondogoro Ri,NW,0.44,2005.2,4560.0,1430.0,5990.0,6579.9,6355.6,4350.4,1136.3,35.697219,76.377297
228,Gondogoro Ri,NE,0.44,2000.3,4550.0,0.0,4550.0,6579.9,6592.1,4591.7,2107.5,35.688089,76.424096
229,Urdok Kangri II,S,0.438,2003.0,4570.0,2780.0,7350.0,7094.9,7229.9,5227.0,1537.6,35.642383,76.745946
230,Kunyang Chhish North,NW,0.438,2002.1,4570.0,8890.0,13460.0,6510.4,6704.7,4702.5,2118.1,36.321596,75.129587
231,Latok IV,NE,0.436,2005.3,4600.0,70.0,4670.0,6372.9,6341.2,4335.9,1894.5,35.909241,75.88184
232,Bularung Sar,N,0.435,2009.8,4620.0,14940.0,19560.0,6933.1,5548.9,3539.2,2239.5,36.457332,75.134868
233,Sarwali Peak,E,0.435,2001.0,4600.0,100.0,4700.0,6290.7,6281.0,4280.0,425.0,35.131365,74.462344
234,Rimo III,SW,0.43,2006.0,4660.0,13910.0,18570.0,7126.0,5940.2,3934.3,2306.1,35.271487,77.23531
235,Sosbun Brakk,SW,0.427,2002.1,4690.0,12900.0,17590.0,5080.6,4563.8,2561.7,2520.1,35.8355,75.432135
236,Kupultung Kung,SW,0.425,2003.1,4710.0,0.0,4710.0,6276.6,6269.4,4266.4,791.4,35.850536,75.037931
237,Chumik,SW,0.424,2000.3,4720.0,2530.0,7250.0,6578.2,5978.6,3978.4,2617.4,35.177444,76.950636
238,Chhaltis Brok,N,0.422,2000.2,4740.0,0.0,4740.0,5930.1,5970.8,3970.6,2983.7,35.220406,76.69844
239,Saltoro Kangri I,N,0.422,2003.0,4750.0,870.0,5620.0,7668.9,7566.9,5563.9,2010.4,35.42843,76.84898
240,Sherpi Kangri,W,0.42,2002.6,4770.0,1010.0,5780.0,6756.8,6236.0,4233.4,1904.1,35.472222,76.746921
241,Dansam,W,0.419,2002.6,4780.0,9240.0,14020.0,6473.6,4919.6,2916.9,2057.5,35.20411,76.63437
242,Mazar,SW,0.418,2003.2,4790.0,4300.0,9090.0,6249.0,5738.4,3735.2,2622.8,36.436676,76.806945
243,Yutmaru Sar,NW,0.418,2013.6,4820.0,210.0,5030.0,7253.2,7241.6,5227.9,887.1,36.24312,75.346609
244,Ardver Sar,NE,0.414,2003.6,4840.0,4390.0,9230.0,6557.2,5145.4,3141.9,2693.0,36.411978,75.328693
245,Choricho,NE,0.413,2001.2,4850.0,0.0,4850.0,6546.3,6546.6,4545.4,1578.5,35.744105,76.107569
246,Thanda Parbat,N,0.412,2000.5,4850.0,160.0,5010.0,6371.1,6433.6,4433.1,1683.2,35.448595,76.507837
247,Haramosh,E,0.409,2007.0,4910.0,790.0,5700.0,7306.7,7007.1,5000.1,2514.1,35.84001,74.933449
248,Mandu Kangri,S,0.408,2005.4,4910.0,260.0,5170.0,6725.8,6715.4,4709.9,2327.0,35.623939,76.277261
249,Latok IV,S,0.408,2001.8,4910.0,9220.0,14130.0,6372.9,5784.3,3782.5,2458.0,35.789106,75.863256
250,Khurdopin Sar,W,0.406,2007.5,4950.0,3730.0,8680.0,4881.5,5952.8,3945.3,1116.7,36.27354,75.51519
251,Muztagh Tower,SW,0.404,2001.1,4950.0,0.0,4950.0,6973.5,6905.4,4904.3,2612.9,35.812452,76.342709
252,West Chongra,W,0.403,2000.1,4960.0,30.0,4990.0,6445.5,6442.9,4442.8,2048.3,35.299157,74.638741
253,Kupultung Kung,S,0.401,2002.2,4990.0,6740.0,11730.0,6276.6,4873.7,2871.4,3558.6,35.782421,75.05639
254,Chongtar Kangri,E,0.399,2004.9,5030.0,120.0,5150.0,7237.6,7229.2,5224.2,2037.6,35.9168,76.457446
255,Sherpi Kangri,SW,0.397,2001.4,5040.0,11160.0,16200.0,6756.8,5266.5,3265.1,3047.5,35.385179,76.67767
256,Bularung Sar,NE,0.392,2000.3,5100.0,5060.0,10160.0,6933.1,7012.6,5012.3,1713.2,36.350532,75.194849
257,Yazghil Group,S,0.39,2003.9,5140.0,6210.0,11350.0,6345.1,6190.1,4186.1,1125.5,36.118965,75.27554
258,Dubbani,W,0.388,2004.4,5170.0,6420.0,11590.0,5776.4,3967.1,1962.7,3815.8,35.964575,74.551311
259,Surukwat Kangri,SW,0.385,2008.3,5210.0,3710.0,8920.0,6700.0,5700.6,3692.3,2637.1,36.248562,76.335144
260,Miar Peak,N,0.385,2005.1,5210.0,30.0,5240.0,6443.5,6439.5,4434.4,2077.1,36.071158,74.826252
261,Ardver Sar,NW,0.379,2005.9,5290.0,80.0,5370.0,6557.2,6529.5,4523.7,1934.5,36.385986,75.253475
262,Apsarasas Kangri I,SW,0.378,2003.0,5300.0,240.0,5540.0,7176.3,7108.0,5105.0,1318.4,35.520881,77.127306
263,Koser Gunge,NE,0.378,2005.8,5310.0,3170.0,8480.0,5577.5,5163.3,3157.5,1502.5,35.677613,75.688259
264,Spantik,SW,0.377,2006.0,5320.0,14640.0,19960.0,7013.5,5495.7,3489.8,2421.5,35.947034,74.830219
265,Mazar,W,0.375,2007.7,5360.0,130.0,5490.0,6249.0,6170.0,4162.3,952.0,36.479274,76.828441
266,Chogolisa I,NW,0.371,2008.8,5410.0,690.0,6100.0,7556.5,7081.4,5072.6,1333.2,35.635332,76.549553
267,Mango Gusor,NE,0.368,2000.5,5430.0,5950.0,11380.0,6044.0,5192.7,3192.1,1437.4,35.632374,75.985474
268,Chongtar Kangri,NW,0.368,2004.1,5440.0,3200.0,8640.0,7237.6,6420.0,4415.9,1620.8,35.954468,76.381786
269,Lupghar Sar,W,0.363,2000.3,5510.0,3660.0,9170.0,7144.1,6419.0,4418.6,1996.7,36.35067,74.965239
270,Passu Sar,W,0.363,2010.7,5540.0,9590.0,15130.0,6743.4,6580.9,4570.1,1421.2,36.491525,74.506909
271,Silver Throne,SW,0.363,2002.7,5520.0,3250.0,8770.0,5952.2,6458.8,4456.0,1593.3,35.541413,76.72957
272,Chongtar Kangri,S,0.361,2005.4,5560.0,11520.0,17080.0,7237.6,6582.5,4577.0,1387.7,35.788124,76.428218
273,Gama Sokha Lambi,SE,0.36,2006.8,5570.0,2140.0,7710.0,6229.0,5607.4,3600.6,1863.5,35.720353,75.791568
274,Unnamed Peak,S,0.359,2002.0,5570.0,0.0,5570.0,6498.7,6490.8,4488.8,1293.3,35.202146,74.499095
275,Chongtar Kangri,SW,0.359,2001.6,5580.0,400.0,5980.0,7237.6,7202.1,5200.5,1253.5,35.896503,76.403198
276,Ardver Sar,E,0.356,2008.3,5640.0,170.0,5810.0,6557.2,6476.3,4468.0,1575.4,36.368648,75.308328
277,Skyang Kangri,N,0.355,2001.4,5630.0,90.0,5720.0,7444.2,7461.5,5460.1,1715.8,35.95245,76.5675
278,Purian Sar,W,0.354,2007.4,5670.0,4830.0,10500.0,6063.3,5401.0,3393.6,2070.7,36.466712,74.015896
279,Surukwat Kangri,S,0.354,2008.6,5680.0,7030.0,12710.0,6700.0,5858.6,3850.1,1956.4,36.19993,76.38491
280,Gharkun,W,0.353,2011.6,5700.0,50.0,5750.0,6427.5,6385.7,4374.1,1346.8,35.076636,76.940307
281,Muztagh Tower,E,0.352,2000.7,5680.0,6490.0,12170.0,6973.5,6989.8,4989.1,2073.8,35.8282,76.465474
282,Shaigiri,SW,0.351,2009.9,5730.0,190.0,5920.0,6186.5,6109.9,4100.0,1215.8,35.079103,74.523025
283,Lobsang,S,0.348,2005.2,5770.0,20.0,5790.0,6131.8,6106.0,4100.8,1914.4,35.77888,76.30817
284,Gyong Kangri,E,0.346,2000.8,5790.0,8460.0,14250.0,6136.0,5493.6,3492.8,2106.2,35.136497,77.191029
285,Skyang Kangri,W,0.344,2000.9,5810.0,120.0,5930.0,7444.2,7472.4,5471.5,727.1,35.92631,76.533942
286,Purian Sar,NW,0.34,2007.8,5900.0,4880.0,10780.0,6063.3,4625.5,2617.7,1952.3,36.516532,74.039671
287,Ganalo Peak,W,0.339,2001.2,5910.0,5430.0,11340.0,6553.0,5301.9,3300.7,3303.5,35.288451,74.461792
288,Shaigiri,NW,0.336,2000.8,5950.0,0.0,5950.0,6186.5,6208.8,4207.9,1022.4,35.117471,74.523646
289,Purian Sar,SE,0.336,2006.5,5980.0,150.0,6130.0,6063.3,6039.4,4032.9,632.9,36.446733,74.126319
290,Hunza Peak,NE,0.334,2005.1,6000.0,9500.0,15500.0,6529.0,5177.4,3172.3,2574.5,36.475172,74.774023
291,Surukwat Kangri,W,0.334,2003.1,6000.0,5830.0,11830.0,6700.0,5832.7,3829.6,1809.7,36.288743,76.286502
292,Muztagh Tower,NW,0.331,2003.1,6050.0,130.0,6180.0,6973.5,7065.5,5062.3,1604.9,35.848275,76.337382
293,Gondogoro Ri,S,0.328,2001.8,6100.0,260.0,6360.0,6579.9,6609.9,4608.1,1339.1,35.643829,76.406307
294,Passu Sar,NW,0.325,2003.1,6170.0,8290.0,14460.0,7575.1,6520.7,4517.6,2833.1,36.559273,74.503325
295,Gharkun,NE,0.324,2001.9,6180.0,110.0,6290.0,6427.5,6467.2,4465.3,1227.2,35.096996,76.996977
296,La Yongma Ri,NE,0.324,2002.5,6190.0,0.0,6190.0,6571.0,6601.0,4598.5,1635.6,35.046332,77.172229
297,Ghent Kangri,E,0.323,2002.0,6200.0,0.0,6200.0,7342.9,7347.0,5345.1,2416.5,35.517828,76.834334
298,Nera,SW,0.321,2002.5,6230.0,7730.0,13960.0,5881.8,5530.1,3527.6,917.0,35.817516,76.003802
299,Khani Basa Sar,SW,0.32,2003.7,6260.0,100.0,6360.0,6413.9,6425.3,4421.6,1742.7,36.145172,75.351754
300,Miar Peak,NW,0.32,2014.0,6300.0,5050.0,11350.0,6443.5,6153.8,4139.8,1710.3,36.099623,74.761831
301,Kanjut Sar II,N,0.318,2007.9,6310.0,10470.0,16780.0,6758.3,6483.0,4475.2,2033.5,36.262972,75.44003
302,Kanjut Sar II,E,0.318,2000.7,6300.0,10.0,6310.0,6758.3,6755.5,4754.8,2079.8,36.14037,75.475181
303,Napo Peak,SW,0.314,2002.4,6380.0,5600.0,11980.0,6867.7,6703.9,4701.5,1981.5,35.749337,76.579873
304,K12,W,0.313,2001.3,6390.0,30.0,6420.0,7398.9,7393.3,5392.1,1904.9,35.295452,76.986372
305,West Chongra,NE,0.311,2005.5,6440.0,13310.0,19750.0,6445.5,4129.7,2124.2,3381.3,35.404334,74.795021
306,Chumik,S,0.308,2006.0,6520.0,30.0,6550.0,6578.2,6574.6,4568.7,1577.5,35.178953,76.988653
307,Baintha Brakk,N,0.307,2000.4,6510.0,10.0,6520.0,7232.0,7240.3,5239.9,1974.8,35.976913,75.751968
308,Zhukezhen Peak,NE,0.306,2003.3,6540.0,10840.0,17380.0,7002.1,6151.8,4148.5,1974.5,36.015739,76.284857
309,Kharut Kangri,E,0.304,2000.5,6570.0,0.0,6570.0,6768.3,6744.6,4744.1,2253.7,35.845789,76.62419
310,Tahu Rutum,N,0.303,2007.0,6630.0,50.0,6680.0,6323.5,6309.9,4302.9,1572.1,36.151659,75.50989
311,Gasherbrum VI,NE,0.303,2005.6,6630.0,7190.0,13820.0,6859.5,6584.3,4578.7,1504.1,35.775381,76.713618
312,Mango Gusor,N,0.3,2000.1,6660.0,5470.0,12130.0,6044.0,5056.7,3056.7,1560.1,35.656426,75.917801
313,Zhukezhen Peak,SE,0.299,2003.5,6690.0,50.0,6740.0,7002.1,6990.5,4987.0,1181.0,35.904358,76.200806
314,K6 Peak,S,0.298,2006.5,6730.0,40.0,6770.0,7111.6,7106.9,5100.4,1939.2,35.387473,76.55182
315,Gasherbrum IV,SE,0.293,2001.5,6820.0,0.0,6820.0,7888.6,7881.2,5879.7,2003.4,35.739985,76.643049
316,Gharkun,N,0.29,2007.0,6930.0,800.0,7730.0,6427.5,6272.5,4265.5,1551.3,35.115013,76.97214
317,Sherpi Kangri,S,0.289,2005.3,6950.0,1030.0,7980.0,6756.8,7218.6,5213.3,1412.5,35.431684,76.78437
318,Dongbar,SE,0.287,2001.1,6980.0,5540.0,12520.0,5821.4,5185.2,3184.2,1410.3,35.754844,75.945892
319,Kunyang Chhish,NE,0.286,2011.2,7020.0,130.0,7150.0,7697.1,7812.4,5801.2,3011.9,36.22752,75.235864
320,Mandu Kangri,SE,0.284,2005.2,7050.0,3410.0,10460.0,6725.8,6780.8,4775.6,1199.3,35.604243,76.331471
321,Khurdopin Sar,SW,0.284,2001.2,7040.0,2670.0,9710.0,4881.5,6146.1,4144.9,65.9,36.234154,75.535559
322,Makrong Chhish,SW,0.283,2001.7,7070.0,0.0,7070.0,6515.8,6544.5,4542.9,990.3,36.065808,75.093373
323,Khumil Gri,N,0.282,2000.5,7100.0,180.0,7280.0,6660.4,6673.5,4673.0,1452.5,35.675984,76.54689
324,Gasherbrum VI,N,0.281,2010.3,7150.0,6960.0,14110.0,6859.5,7215.4,5205.1,1076.0,35.803337,76.63144
325,Zhukezhen Peak,N,0.281,2000.3,7130.0,0.0,7130.0,7002.1,7001.3,5000.9,1523.0,35.958039,76.174175
326,Teram Kangri III/ Teram Kangri III,NW,0.275,2005.4,7290.0,50.0,7340.0,7253.2,7237.1,5231.7,1651.6,35.623799,77.022237
327,Latok I,SE,0.274,2006.2,7320.0,5060.0,12380.0,6988.3,6328.9,4322.7,1641.7,35.871229,75.893207
328,Toshe II,N,0.274,2000.3,7310.0,60.0,7370.0,6252.8,6296.7,4296.3,538.8,35.176042,74.414507
329,Crane,NE,0.273,2007.2,7360.0,370.0,7730.0,6311.4,6070.5,4063.2,800.0,35.193601,77.118475
330,Burnag Kangri,S,0.272,2007.9,7390.0,30.0,7420.0,6633.2,6649.3,4641.4,829.7,35.825573,76.832561
331,Koser Gunge,N,0.271,2008.8,7420.0,2790.0,10210.0,5577.5,4677.4,2668.6,1711.3,35.699039,75.64273
332,Biale Kangri,SE,0.27,2010.8,7450.0,300.0,7750.0,6343.6,6230.9,4220.1,1870.8,35.776507,76.269259
333,Purian Sar,SW,0.268,2001.8,7460.0,1560.0,9020.0,6063.3,5945.4,3943.7,1562.1,36.433053,74.059733
334,Rimo I,SW,0.268,2001.9,7480.0,0.0,7480.0,7207.2,7206.3,5204.5,1596.2,35.330776,77.339159
335,The Crown,NE,0.265,2006.9,7570.0,5440.0,13010.0,6978.2,6320.4,4313.5,3276.7,36.167973,76.280227
336,Pumarikish,N,0.264,2007.0,7610.0,11770.0,19380.0,7414.3,6873.6,4866.6,1954.1,36.351209,75.25255
337,Mango Gusor,S,0.261,2006.2,7680.0,270.0,7950.0,6044.0,6061.7,4055.5,867.2,35.540257,75.917801
338,Dongbar,E,0.261,2013.2,7720.0,90.0,7810.0,5821.4,5783.6,3770.3,827.8,35.8123,75.918916
339,Xiaofong Tip,NE,0.26,2005.3,7710.0,4000.0,11710.0,6686.8,7068.7,5063.4,1398.2,35.9537,76.606309
340,Angelus,SW,0.26,2003.3,7710.0,7920.0,15630.0,6679.1,6234.4,4231.2,2173.8,35.774658,76.398973
341,Singhi Kangri,N,0.258,2001.6,7750.0,2560.0,10310.0,7074.9,6876.9,4875.3,1765.1,35.656952,76.983214
342,Biafo Hispar Peak,SW,0.255,2000.1,7850.0,4980.0,12830.0,5712.4,5683.0,3682.9,1839.2,35.991373,75.478725
343,Kunyang Chhish North,SW,0.255,2002.0,7860.0,7760.0,15620.0,6510.4,5509.3,3507.4,2590.8,36.176111,75.12553
344,Urdok Kangri II,W,0.253,2000.5,7920.0,190.0,8110.0,7094.9,7082.5,5081.9,905.1,35.68796,76.700046
345,Kanjut Sar II,W,0.253,2000.1,7920.0,10.0,7930.0,6758.3,6757.0,4756.9,1896.2,36.14037,75.395869
346,Sosbun Brakk,W,0.252,2008.7,7960.0,3500.0,11460.0,5080.6,5744.2,3735.5,1245.8,35.9325,75.468744
347,Honboro Peak,S,0.251,2002.6,7980.0,11830.0,19810.0,6466.3,5204.0,3201.4,1607.0,35.300533,76.212225
348,Latok IV,SW,0.251,2003.4,7990.0,120.0,8110.0,6372.9,6372.0,4368.6,935.2,35.867978,75.83099
349,Mango Gusor,NW,0.25,2007.8,8020.0,750.0,8770.0,6044.0,5891.6,3883.9,1901.8,35.607527,75.880626
350,Kaimuk Kangri,SE,0.25,2006.3,8020.0,40.0,8060.0,6785.9,6762.8,4756.4,836.0,35.889002,76.920622
351,Honboro Peak,N,0.25,2005.5,8030.0,50.0,8080.0,6466.3,6446.4,4440.9,1102.0,35.479465,76.212225
352,Lakshmi,W,0.25,2010.0,8050.0,220.0,8270.0,6731.9,6770.9,4760.9,865.6,35.462698,77.129273
353,K12,SW,0.248,2002.3,8090.0,10040.0,18130.0,7398.9,5903.7,3901.4,2802.1,35.205832,76.912249
354,The Crown,E,0.246,2005.1,8140.0,8940.0,17080.0,6978.2,5890.6,3885.5,1514.2,36.109276,76.352357
355,Ghent Kangri,NW,0.246,2007.1,8160.0,50.0,8210.0,7342.9,7314.2,5307.2,1335.9,35.544106,76.767889
356,Apsarasas Kangri I,NE,0.24,2002.7,8350.0,0.0,8350.0,7176.3,7177.3,5174.7,1676.2,35.565834,77.182457
357,Durbin Kangri I,E,0.237,2007.3,8460.0,230.0,8690.0,6717.6,6607.3,4600.0,1269.1,35.996109,76.816041
358,Summa Ri I,NW,0.237,2000.5,8450.0,4610.0,13060.0,7141.2,6403.0,4402.5,1441.1,35.922579,76.376233
359,Skil Brum,NE,0.233,2004.8,8610.0,120.0,8730.0,7322.8,7302.6,5297.8,453.1,35.880676,76.461707
360,Urdok Kangri I,W,0.232,2004.9,8660.0,3850.0,12510.0,7153.4,6829.4,4824.5,1750.8,35.704722,76.638675
361,Baltoro Kangri III,SW,0.231,2000.5,8660.0,0.0,8660.0,7243.6,7247.5,5247.0,1078.3,35.604827,76.646701
362,Mt Hardinge,NE,0.229,2003.3,8750.0,0.0,8750.0,7024.1,7027.1,5023.8,1403.1,35.660799,76.82377
363,Makrong Chhish,W,0.228,2000.4,8780.0,0.0,8780.0,6515.8,6544.5,4544.2,1301.0,36.0883,75.072359
364,Durbin Kangri I,SE,0.227,2006.4,8850.0,370.0,9220.0,6717.6,6616.7,4610.3,1130.7,35.9656,76.804167
365,Mahashrung,S,0.227,2004.9,8850.0,60.0,8910.0,6923.9,6897.8,4892.8,1711.6,35.369144,77.218057
366,Terong Kangri,SW,0.224,2004.4,8930.0,5300.0,14230.0,6827.0,6293.7,4289.3,1130.4,35.336546,77.238044
367,Uli Biaho Tower,NW,0.224,2007.0,8950.0,10930.0,19880.0,5599.8,6129.0,4122.0,-54.7,35.838583,76.027374
368,La Yongma Ri,N,0.224,2008.2,8980.0,0.0,8980.0,6571.0,6601.0,4592.8,517.0,35.067042,77.148221
369,Praqpa Kangri,NW,0.223,2005.4,8990.0,3820.0,12810.0,6941.9,6776.2,4770.9,1789.3,35.88283,76.369028
370,Teram Kangri Peak,E,0.221,2000.2,9060.0,60.0,9120.0,7321.1,7340.9,5340.7,1231.2,35.5802,77.130408
371,Durbin Kangri I,S,0.221,2015.8,9140.0,680.0,9820.0,6717.6,6547.2,4531.4,1622.3,35.948868,76.766521
372,Shaigiri,W,0.22,2009.3,9140.0,140.0,9280.0,6186.5,6091.7,4082.4,1095.3,35.098542,74.495029
373,Angelus,NE,0.22,2002.2,9110.0,4250.0,13360.0,6679.1,7654.4,5652.2,933.9,35.905604,76.560252
374,Skil Brum,W,0.218,2010.0,9210.0,200.0,9410.0,7322.8,7210.3,5200.3,914.7,35.852521,76.373773
375,Snow Dome,SW,0.218,2002.0,9180.0,7300.0,16480.0,6939.3,5823.5,3821.5,2238.3,35.537186,76.505067
376,Juto Sar,N,0.211,2004.9,9520.0,120.0,9640.0,6736.1,6718.9,4714.0,1214.9,36.073838,74.865174
377,Laila Peak,SW,0.209,2000.0,9560.0,430.0,9990.0,5607.6,5756.8,3756.8,1637.2,35.560757,76.371901
378,K7,NW,0.209,2004.7,9600.0,1170.0,10770.0,6594.7,6606.2,4601.5,1700.6,35.503964,76.528243
379,Ghent Kangri,NE,0.206,2004.8,9720.0,130.0,9850.0,7342.9,7285.7,5280.9,1656.4,35.549578,76.839063
380,Kaberi Kangri,SE,0.206,2000.2,9700.0,0.0,9700.0,6804.1,6801.9,4801.7,1957.8,35.56148,76.643062
381,K12,NW,0.205,2011.6,9790.0,70.0,9860.0,7398.9,7375.3,5363.8,1444.1,35.327043,76.983227
382,Burnag Kangri,E,0.205,2006.2,9770.0,40.0,9810.0,6633.2,6663.6,4657.4,1692.6,35.859091,76.88715
383,Chongtar Kangri,N,0.201,2000.2,9930.0,7160.0,17090.0,7237.6,6186.9,4186.7,1727.5,36.025905,76.428218
384,Burnag Kangri,NW,0.2,2002.3,10010.0,0.0,10010.0,6633.2,6655.3,4653.0,1209.7,35.890937,76.793334
385,Ilford Peak,S,0.199,2006.7,10060.0,4950.0,15010.0,6021.3,4765.7,2759.0,1980.1,35.255024,76.490367
386,La Yongma Ri,E,0.198,2004.3,10100.0,7010.0,17110.0,6571.0,5537.0,3532.7,1834.7,35.026639,77.28052
387,Angelus,S,0.198,2009.2,10160.0,550.0,10710.0,6679.1,6523.2,4514.1,1589.8,35.79892,76.49125
388,Zhukezhen Peak,E,0.198,2006.7,10150.0,40.0,10190.0,7002.1,6990.8,4984.1,1620.1,35.92596,76.230918
389,Sia Kangri,SE,0.195,2001.0,10240.0,0.0,10240.0,7376.1,7368.7,5367.7,854.1,35.630377,76.801237
390,Teram Kangri Peak,NE,0.195,2005.3,10290.0,10.0,10300.0,7321.1,7334.5,5329.3,1902.3,35.613,77.119972
391,Surukwat Kangri,E,0.195,2005.1,10290.0,7220.0,17510.0,6700.0,6007.4,4002.2,1388.0,36.288743,76.522715
392,La Yongma Ri,SW,0.191,2006.4,10490.0,370.0,10860.0,6571.0,6597.4,4591.0,1623.7,34.990912,77.104666
393,Surukwat Kangri,NW,0.19,2004.7,10570.0,140.0,10710.0,6700.0,6654.6,4650.0,1772.8,36.323261,76.342158
394,Laila Peak West,SE,0.189,2000.2,10580.0,140.0,10720.0,6513.0,6705.8,4705.6,1742.7,35.920696,74.978886
395,Apsarasas Ⅲ,SW,0.187,2001.7,10680.0,40.0,10720.0,6939.9,6929.9,4928.2,1645.9,35.521756,77.086392
396,Toshe II,S,0.185,2004.7,10810.0,0.0,10810.0,6252.8,6267.4,4262.6,1631.7,35.093978,74.414507
397,Singhi Kangri,SE,0.184,2001.1,10860.0,50.0,10910.0,7074.9,7120.0,5118.8,1886.6,35.56418,77.026025
398,Khumil Gri,NW,0.182,2014.9,11070.0,160.0,11230.0,6660.4,6640.0,4625.1,1764.2,35.678656,76.502376
399,Xiaofong Tip,E,0.182,2003.4,11010.0,5390.0,16400.0,6686.8,6382.0,4378.6,1797.9,35.90372,76.665539
400,Chumik,NW,0.18,2015.1,11190.0,270.0,11460.0,6578.2,6560.1,4544.9,1455.2,35.245875,76.943056
401,Gharkun,NW,0.179,2005.1,11190.0,3960.0,15150.0,6427.5,5760.8,3755.7,1093.7,35.137432,76.897976
402,Shaigiri,S,0.177,2007.2,11370.0,40.0,11410.0,6186.5,6190.7,4183.4,1687.6,35.047026,74.546744
403,Mazar,E,0.174,2011.1,11590.0,190.0,11780.0,6249.0,6188.7,4177.5,535.2,36.479274,76.9267
404,Shaigiri,NE,0.173,2003.6,11610.0,40.0,11650.0,6186.5,6209.9,4206.3,1949.2,35.135732,74.592123
405,Apsarasas Kangri I,S,0.172,2002.2,11670.0,30.0,11700.0,7176.3,7185.8,5183.5,1966.5,35.486494,77.149866
406,Singhi Kangri,NW,0.171,2000.6,11700.0,0.0,11700.0,7074.9,7116.5,5115.8,1228.8,35.63627,76.937514
407,Lukpe Lawo Brakk,NW,0.171,2001.6,11710.0,0.0,11710.0,6114.2,6126.7,4125.1,959.3,36.167604,75.550393
408,Surukwat Kangri,NE,0.17,2006.5,11800.0,8150.0,19950.0,6700.0,5916.7,3910.2,1821.4,36.37814,76.495632
409,Mango Gusor,SE,0.169,2000.3,11830.0,5350.0,17180.0,6044.0,5933.6,3933.3,864.2,35.505564,76.00578
410,Purian Sar,S,0.166,2006.8,12070.0,740.0,12810.0,6063.3,5846.0,3839.2,1474.4,36.405748,74.101517
411,Mungalig Sar,W,0.164,2002.4,12180.0,70.0,12250.0,5999.8,5988.6,3986.2,1645.1,36.473068,75.62112
412,Skil Brum,N,0.162,2004.4,12340.0,7240.0,19580.0,7322.8,7226.0,5221.6,1392.4,35.973188,76.427028
413,Kerkeleng Sar,E,0.162,2002.5,12390.0,0.0,12390.0,6032.5,6034.1,4031.6,1341.7,36.28047,75.343235
414,Makrong Chhish,S,0.16,2009.7,12550.0,450.0,13000.0,6515.8,6178.1,4168.4,1698.5,36.027786,75.12116
415,Honboro Peak,NW,0.16,2008.2,12550.0,40.0,12590.0,6466.3,6455.5,4447.3,1781.6,35.483068,76.162988
416,Terong Kangri,W,0.159,2006.0,12620.0,1170.0,13790.0,6827.0,6712.2,4706.2,833.0,35.398678,77.231706
417,Mungalig Sar,SE,0.159,2003.7,12640.0,710.0,13350.0,5999.8,5913.8,3910.1,1135.5,36.428337,75.745466
418,Khani Basa Sar,E,0.157,2010.6,12780.0,30.0,12810.0,6413.9,6444.3,4433.7,1377.3,36.165724,75.448605
419,Koser Gunge,SE,0.157,2008.5,12780.0,4990.0,17770.0,5577.5,5235.9,3227.4,905.8,35.568142,75.731678
420,Rimo III,S,0.157,2009.6,12840.0,2580.0,15420.0,7126.0,6848.0,4838.3,1262.8,35.293833,77.361824
421,Kaberi Kangri,W,0.156,2004.3,12840.0,6910.0,19750.0,6804.1,6436.9,4432.6,1838.5,35.59234,76.45792
422,Hispar Sar,S,0.153,2003.8,13080.0,610.0,13690.0,6154.8,6166.2,4162.5,1848.2,36.055224,75.365324
423,Link Sar,SW,0.153,2005.1,13100.0,4910.0,18010.0,6443.5,6564.4,4559.3,1280.6,35.36846,76.50492
424,Gharkun,SW,0.153,2000.2,13090.0,980.0,14070.0,6427.5,6030.8,4030.6,1867.0,35.028756,76.913732
425,Gondogoro Ri,SW,0.153,2005.6,13140.0,230.0,13370.0,6579.9,6647.6,4642.0,1526.1,35.630347,76.353136
426,Dome of Dirran,N,0.15,2002.5,13350.0,4850.0,18200.0,5904.6,5891.6,3889.1,1919.5,36.193357,74.634794
427,Laila Peak,N,0.147,2002.8,13630.0,4010.0,17640.0,6094.8,5839.7,3836.9,1757.3,35.203673,74.463459
428,Rimo I,W,0.146,2004.7,13700.0,70.0,13770.0,7207.2,7193.0,5188.3,1957.8,35.354573,77.292068
429,Twins,W,0.146,2000.2,13670.0,30.0,13700.0,6353.0,6355.6,4355.4,2154.7,35.737197,76.506693
430,Rimo I,E,0.142,2000.7,14050.0,40.0,14090.0,7207.2,7206.6,5205.9,1714.9,35.354573,77.446104
431,Kaberi Kangri,SW,0.14,2004.4,14350.0,40.0,14390.0,6804.1,6791.5,4787.2,1996.2,35.546432,76.548817
432,Durbin Kangri I,N,0.138,2002.6,14460.0,5400.0,19860.0,6717.6,6720.7,4718.0,1573.4,36.109758,76.766521
433,Surukwat Kangri,SE,0.138,2004.3,14570.0,210.0,14780.0,6700.0,6601.3,4597.0,1128.4,36.241054,76.443975
434,Surukwat Kangri,N,0.137,2005.4,14590.0,40.0,14630.0,6700.0,6685.3,4679.9,1363.5,36.354746,76.38491
435,Tahu Rutum,S,0.137,2005.8,14610.0,730.0,15340.0,6323.5,6402.5,4396.7,960.6,36.049079,75.50989
436,Uzun Brakk,SW,0.136,2006.1,14770.0,10.0,14780.0,6110.5,6129.8,4123.8,1425.7,35.912024,75.642553
437,Lukpe Lawo Brakk,N,0.135,2005.4,14850.0,4140.0,18990.0,6114.2,6279.8,4274.3,963.8,36.234415,75.59644
438,Durbin Kangri I,NE,0.133,2004.3,15080.0,10.0,15090.0,6717.6,6716.5,4712.3,1604.9,36.044148,76.825797
439,Kruksum South,NW,0.132,2001.6,15190.0,3210.0,18400.0,6514.3,6155.4,4153.8,983.6,35.88066,76.082607
440,Mango Gusor,SW,0.128,2000.8,15610.0,0.0,15610.0,6044.0,6063.4,4062.6,1345.3,35.527579,75.856845
441,La Yongma Ri,NW,0.128,2004.6,15640.0,20.0,15660.0,6571.0,6581.5,4576.9,406.8,35.076523,77.087406
442,K12,N,0.127,2011.7,15810.0,60.0,15870.0,7398.9,7386.3,5374.6,1774.8,35.367123,77.021868
443,Kruksum East,NE,0.121,2001.0,16540.0,20.0,16560.0,6404.6,6408.1,4407.1,934.1,35.875986,76.258245
444,Apsarasas Ⅲ,NE,0.119,2008.6,16850.0,130.0,16980.0,6939.9,6897.7,4889.1,974.9,35.610421,77.195194
445,Burnag Kangri,SE,0.113,2018.4,17880.0,30.0,17910.0,6633.2,6657.4,4638.9,1155.8,35.802017,76.902865
446,Ghent Kangri,N,0.112,2009.5,17910.0,60.0,17970.0,7342.9,7296.7,5287.2,907.5,35.598947,76.80012
447,Tahu Rutum,SW,0.111,2007.1,18020.0,560.0,18580.0,6323.5,6473.4,4466.3,446.1,36.060488,75.434634
448,Zhukezhen Peak,NW,0.111,2003.2,18060.0,20.0,18080.0,7002.1,7000.4,4997.3,1113.9,35.983543,76.103185
449,Mt Hardinge,SE,0.109,2006.5,18400.0,30.0,18430.0,7024.1,7015.7,5009.2,1182.5,35.574234,76.861713
450,Bobisghir,SE,0.108,2009.6,18530.0,20.0,18550.0,6128.4,6094.9,4085.3,1131.3,35.962152,75.905502
451,Xiaofong Tip,NW,0.106,2009.1,18930.0,960.0,19890.0,6686.8,6312.8,4303.7,1024.2,35.970052,76.462957
452,Kanjut Sar II,SE,0.104,2000.4,19320.0,0.0,19320.0,6758.3,6756.3,4755.9,1242.6,36.078906,75.516012
453,Rimo III,E,0.101,2001.9,19750.0,30.0,19780.0,7126.0,7118.5,5116.6,579.4,35.374818,77.470949
454,Mungalig Sar,SW,0.101,2009.7,19980.0,10.0,19990.0,5999.8,5994.9,3985.2,1325.7,36.40944,75.610942
455,Trango Ri,NW,0.101,2005.5,19950.0,40.0,19990.0,6273.0,6267.2,4261.7,918.5,35.848243,76.097443
